{
  "Delete character" : {
    "transaction" : "Delete character",
    "sampleCount" : 768062,
    "errorCount" : 647053,
    "errorPct" : 84.24489,
    "meanResTime" : 199.67755077064731,
    "medianResTime" : 73.0,
    "minResTime" : 0.0,
    "maxResTime" : 19994.0,
    "pct1ResTime" : 135.0,
    "pct2ResTime" : 156.0,
    "pct3ResTime" : 198.0,
    "throughput" : 843.4309935869279,
    "receivedKBytesPerSec" : 1788.3836312064866,
    "sentKBytesPerSec" : 31.775887871442063
  },
  "Total" : {
    "transaction" : "Total",
    "sampleCount" : 3860317,
    "errorCount" : 3268381,
    "errorPct" : 84.66613,
    "meanResTime" : 215.836689836623,
    "medianResTime" : 13.0,
    "minResTime" : 0.0,
    "maxResTime" : 19994.0,
    "pct1ResTime" : 27.0,
    "pct2ResTime" : 31.0,
    "pct3ResTime" : 37.0,
    "throughput" : 4235.297538133747,
    "receivedKBytesPerSec" : 9238.133517899247,
    "sentKBytesPerSec" : 138.09011262148053
  },
  "Get all characters" : {
    "transaction" : "Get all characters",
    "sampleCount" : 776146,
    "errorCount" : 663833,
    "errorPct" : 85.529396,
    "meanResTime" : 257.59564824142535,
    "medianResTime" : 80.0,
    "minResTime" : 0.0,
    "maxResTime" : 19624.0,
    "pct1ResTime" : 143.0,
    "pct2ResTime" : 169.95000000000073,
    "pct3ResTime" : 206.9900000000016,
    "throughput" : 851.5386801219578,
    "receivedKBytesPerSec" : 2061.1606225718983,
    "sentKBytesPerSec" : 18.939004818009618
  },
  "Get character by id" : {
    "transaction" : "Get character by id",
    "sampleCount" : 774004,
    "errorCount" : 654536,
    "errorPct" : 84.56494,
    "meanResTime" : 205.66238417372622,
    "medianResTime" : 73.0,
    "minResTime" : 0.0,
    "maxResTime" : 19988.0,
    "pct1ResTime" : 136.0,
    "pct2ResTime" : 157.0,
    "pct3ResTime" : 193.9900000000016,
    "throughput" : 849.4756655014789,
    "receivedKBytesPerSec" : 1805.0424613454215,
    "sentKBytesPerSec" : 18.997453781189808
  },
  "Create character" : {
    "transaction" : "Create character",
    "sampleCount" : 772093,
    "errorCount" : 653412,
    "errorPct" : 84.62866,
    "meanResTime" : 213.6288270972586,
    "medianResTime" : 74.0,
    "minResTime" : 0.0,
    "maxResTime" : 19983.0,
    "pct1ResTime" : 138.0,
    "pct2ResTime" : 158.0,
    "pct3ResTime" : 200.0,
    "throughput" : 847.5271543751612,
    "receivedKBytesPerSec" : 1796.5168139901289,
    "sentKBytesPerSec" : 34.167686756650696
  },
  "Edit character" : {
    "transaction" : "Edit character",
    "sampleCount" : 770012,
    "errorCount" : 649547,
    "errorPct" : 84.35544,
    "meanResTime" : 202.3041744804001,
    "medianResTime" : 73.0,
    "minResTime" : 0.0,
    "maxResTime" : 19948.0,
    "pct1ResTime" : 136.0,
    "pct2ResTime" : 155.0,
    "pct3ResTime" : 194.0,
    "throughput" : 845.4757868292297,
    "receivedKBytesPerSec" : 1791.5904769548304,
    "sentKBytesPerSec" : 34.28978378528983
  }
}